{
    "selected_features": [
        "Name of the Project"
    ],
    "ais_best_score": -0.12405235810512893,
    "ais_convergence": [
        -0.12405235810512893,
        -0.12405235810512893,
        -0.12405235810512893,
        -0.12405235810512893,
        -0.12405235810512893,
        -0.12405235810512893,
        -0.12405235810512893,
        -0.12405235810512893,
        -0.12405235810512893,
        -0.12405235810512893
    ]
}