{
    "selected_features": [
        "Name of the Project"
    ],
    "csa_best_score": -0.12405235810512893,
    "csa_convergence": [
        -0.12405235810512893,
        -0.12405235810512893,
        -0.12405235810512893,
        -0.12405235810512893,
        -0.12405235810512893,
        -0.12405235810512893,
        -0.12405235810512893,
        -0.12405235810512893,
        -0.12405235810512893,
        -0.12405235810512893
    ]
}