Model,R2 Score,Accuracy (%),MAE,RMSE
PSO Decision Tree,-0.009580603881592209,0,770.4623076923076,899.4584757722068
PSO Linear Regression,-0.10387639098745094,0,760.8527846153847,940.5260784421795
PSO Random Forest,-0.11088403025565419,0,761.5891692307697,943.5066841291243
