Model,R2 Score,Accuracy (%),MAE,RMSE
Random Forest,-0.32442018682882834,0,810.342702564105,1030.2046724403165
Gradient Boosting,-0.33008140711606604,0,803.2637309825075,1032.4041241317564
Linear Regression,-0.4036504081103385,0,847.1269464645429,1060.571854425989
Decision Tree,-1.7343547154240802,0,1123.2707692307695,1480.2601439767789
